PassengerId,Survived,Pclass,Name,Sex,Age,SibSp,Parch,Ticket,Fare,Cabin,Embarked
1,0,1,Passenger 1,male,40.59936384046622,4,1,264404,28.1,nan,C
2,1,3,Passenger 2,male,36.17005949576698,1,0,307397,15.22,D45,C
3,1,3,Passenger 3,female,36.83569323200477,3,3,579702,86.69,nan,S
4,0,3,Passenger 4,male,16.340442887994655,2,3,518779,198.78,nan,C
5,0,3,Passenger 5,male,42.11943985386401,0,3,205185,43.23,nan,C
6,0,3,Passenger 6,female,32.61250531233856,1,3,136404,137.8,nan,S
7,0,3,Passenger 7,male,26.30722860753797,0,0,155182,42.95,nan,C
8,1,3,Passenger 8,female,31.43388467342251,4,1,395135,147.71,nan,S
9,1,2,Passenger 9,male,12.237647671016802,2,3,728889,106.02,D45,C
10,1,2,Passenger 10,male,34.08652811480671,0,0,803023,139.19,nan,S
11,0,2,Passenger 11,male,19.706284918179286,3,1,952318,48.55,nan,Q
12,1,3,Passenger 12,male,16.473297141564657,2,3,746290,151.67,nan,S
13,1,3,Passenger 13,female,14.77640813782109,3,1,445992,199.17,C23,C
14,0,1,Passenger 14,male,41.12688374989925,0,1,944124,136.47,nan,S
15,0,3,Passenger 15,female,23.707366063072115,2,0,325461,103.76,C23,Q
16,0,3,Passenger 16,male,45.33727709916499,3,1,923932,185.4,nan,Q
17,0,1,Passenger 17,male,24.64198536947702,4,0,920217,13.01,D45,Q
18,0,3,Passenger 18,female,12.926420424070532,4,3,708434,148.69,nan,S
19,0,3,Passenger 19,male,18.83475560051341,0,1,588195,178.86,nan,S
20,0,1,Passenger 20,female,42.35811620006939,2,1,672285,21.72,nan,C
21,1,3,Passenger 21,female,28.441018220633325,1,2,631458,95.51,nan,C
22,0,2,Passenger 22,female,24.517127035093992,2,3,244375,48.9,nan,S
23,0,3,Passenger 23,female,31.600182258527877,4,3,433887,117.64,C23,C
24,0,3,Passenger 24,male,35.01782736167545,3,2,571068,133.41,nan,nan
25,0,3,Passenger 25,male,41.17398815902461,1,2,135187,67.5,E31,S
26,1,2,Passenger 26,male,44.484992298929264,0,0,820394,97.4,D45,S
27,0,3,Passenger 27,female,26.40231354210914,1,0,757253,63.07,nan,C
28,0,3,Passenger 28,female,16.739523139179617,0,1,769113,80.18,D45,C
29,0,2,Passenger 29,male,25.865348388767238,1,1,138090,40.31,nan,S
30,0,3,Passenger 30,female,32.60280506582886,0,1,569984,178.26,nan,S
31,1,1,Passenger 31,male,20.36241073789389,0,1,945844,11.9,B20,nan
32,0,3,Passenger 32,female,20.42849085104957,1,0,877766,177.66,nan,C
33,0,2,Passenger 33,male,33.437878815498856,1,3,418174,118.62,nan,C
34,1,1,Passenger 34,female,29.513476484295488,0,1,641797,73.01,nan,C
35,1,1,Passenger 35,female,30.327969954115865,4,3,168653,147.38,nan,S
36,1,3,Passenger 36,male,22.415046652999305,1,1,792289,106.47,B20,C
37,0,2,Passenger 37,male,27.695992857942326,2,2,491770,104.83,nan,C
38,0,3,Passenger 38,male,20.757668557316954,3,1,366186,30.93,nan,C
39,1,1,Passenger 39,male,38.90198411124787,0,1,293646,84.01,nan,C
40,0,2,Passenger 40,male,40.35249334723753,0,1,399345,55.8,nan,nan
41,0,3,Passenger 41,female,11.538121377619063,3,0,847642,12.98,nan,Q
42,0,3,Passenger 42,female,20.7048913980759,4,2,638304,78.42,nan,C
43,0,2,Passenger 43,female,15.034707449099209,3,1,387166,27.07,nan,C
44,1,3,Passenger 44,male,23.49976065593102,1,1,856322,58.8,nan,C
45,0,3,Passenger 45,female,29.165620302096393,3,3,652226,27.58,E31,C
46,1,3,Passenger 46,female,15.5035478030147,0,2,274750,29.18,nan,C
47,0,2,Passenger 47,male,20.78140186874687,3,1,360710,47.81,C23,S
48,0,1,Passenger 48,female,19.960426279185015,2,3,332320,199.97,C23,C
49,0,3,Passenger 49,female,32.07267329398944,1,3,948152,10.41,D45,C
50,0,1,Passenger 50,male,30.693443370362505,3,0,467658,131.35,D45,C
51,1,3,Passenger 51,male,22.782624466627468,0,3,812165,36.84,nan,S
52,1,3,Passenger 52,male,31.76820872139398,1,1,757346,184.92,nan,Q
53,1,3,Passenger 53,male,24.533199154127345,0,0,176478,27.79,nan,S
54,1,3,Passenger 54,female,27.28344889673947,4,0,505377,191.46,nan,Q
55,0,3,Passenger 55,female,46.734520902985366,2,1,227101,126.08,C23,S
56,1,2,Passenger 56,female,43.40461051790348,4,2,456843,10.24,nan,C
57,0,3,Passenger 57,male,17.004187630724026,2,3,816284,179.86,D45,S
58,0,2,Passenger 58,male,38.29732417879175,3,0,594527,109.13,nan,C
59,0,2,Passenger 59,female,38.11396554491592,1,2,461417,59.91,E31,Q
60,0,3,Passenger 60,female,18.517367112473817,3,1,829668,155.78,nan,S
61,0,3,Passenger 61,male,38.18777643754861,2,3,856488,186.07,nan,Q
62,0,3,Passenger 62,female,45.37931918412553,2,3,688033,101.9,nan,S
63,1,3,Passenger 63,female,18.774551937555863,2,0,232283,69.96,C23,Q
64,0,2,Passenger 64,male,20.824971789857365,0,3,493445,159.9,nan,S
65,0,2,Passenger 65,male,40.17661466843502,1,3,481116,139.54,E31,S
66,0,3,Passenger 66,female,32.71495310825648,3,3,541758,178.86,E31,nan
67,0,2,Passenger 67,male,35.514762752395235,3,3,201489,141.58,D45,S
68,1,1,Passenger 68,male,33.40589216400497,4,1,656107,56.27,nan,S
69,0,2,Passenger 69,male,33.90695920928144,2,2,147779,187.02,D45,S
70,1,2,Passenger 70,male,16.73527871688917,2,1,837781,29.92,C23,C
71,1,2,Passenger 71,female,40.47317706621448,2,1,454388,60.91,nan,C
72,0,2,Passenger 72,female,41.69589992427774,3,0,689872,108.84,nan,S
73,0,1,Passenger 73,male,27.70609255931972,4,3,513166,117.49,nan,nan
74,1,1,Passenger 74,female,29.565230501861375,0,1,770533,12.91,nan,S
75,1,3,Passenger 75,female,14.688924974442779,1,3,348815,158.31,nan,S
76,1,2,Passenger 76,female,35.14254756017835,0,1,944464,78.71,B20,S
77,1,2,Passenger 77,male,35.72057441714144,3,1,477218,87.22,nan,C
78,0,3,Passenger 78,male,29.37808983000689,2,0,461417,163.78,nan,C
79,0,2,Passenger 79,female,41.24353359870503,1,2,914468,82.06,B20,C
80,0,3,Passenger 80,female,26.659227690200595,3,2,354957,18.97,nan,C
81,1,3,Passenger 81,male,35.646059258936006,3,1,695644,43.52,D45,Q
82,1,1,Passenger 82,male,19.803356613078844,3,0,245364,191.62,nan,nan
83,0,2,Passenger 83,male,29.76447849125762,1,3,627340,23.38,nan,S
84,0,3,Passenger 84,female,28.256457420971643,1,3,406521,77.44,nan,Q
85,0,3,Passenger 85,female,32.25307922040942,4,1,298910,105.6,nan,C
86,0,2,Passenger 86,male,26.304730711666416,4,2,429963,103.72,nan,C
87,1,3,Passenger 87,male,28.68527404328332,0,0,246692,10.75,C23,Q
88,1,1,Passenger 88,female,38.26047171441506,1,2,130461,105.22,nan,C
89,1,3,Passenger 89,female,25.632357627617825,1,3,907182,82.92,D45,C
90,0,2,Passenger 90,male,13.934228992613207,1,2,109472,194.7,nan,Q
91,0,3,Passenger 91,female,47.49583904205421,4,3,955695,40.24,nan,C
92,1,3,Passenger 92,female,43.814540786904864,3,0,212036,77.29,nan,S
93,1,3,Passenger 93,male,17.077373048943812,2,0,288674,89.7,nan,C
94,0,3,Passenger 94,female,36.897078052451945,4,1,387667,84.23,C23,C
95,1,2,Passenger 95,male,24.97025229448657,1,1,786126,136.51,B20,C
96,0,1,Passenger 96,female,32.634872153310596,4,2,989694,50.95,C23,C
97,0,2,Passenger 97,female,32.94224129013494,0,0,690348,52.0,nan,S
98,0,1,Passenger 98,female,27.65592199683678,1,0,371223,148.55,nan,S
99,0,3,Passenger 99,female,22.162343344136033,0,1,763759,105.06,nan,Q
100,0,2,Passenger 100,male,23.094589476837406,1,3,422870,88.88,D45,S
101,0,1,Passenger 101,female,20.838080845187577,4,2,455050,42.15,nan,C
102,1,3,Passenger 102,female,21.681777917695552,3,2,378676,45.63,nan,S
103,0,3,Passenger 103,male,29.328217099506446,2,1,575573,12.0,nan,C
104,0,3,Passenger 104,female,22.842400108892484,0,0,143162,27.37,nan,C
105,1,3,Passenger 105,female,36.820520657126195,4,1,373497,115.8,nan,S
106,0,1,Passenger 106,male,44.87246155335927,3,1,212313,179.46,nan,S
107,0,2,Passenger 107,female,24.19946758629957,4,1,128477,64.56,D45,S
108,1,3,Passenger 108,female,32.39404500535377,0,1,779930,72.27,E31,C
109,0,3,Passenger 109,male,34.996851103029336,2,3,186373,31.97,nan,C
110,0,1,Passenger 110,female,34.72002270919275,4,3,793464,83.84,nan,nan
111,0,3,Passenger 111,male,30.759552679160873,1,0,818730,17.07,nan,C
112,0,2,Passenger 112,male,37.426824183597226,3,1,628839,184.34,B20,C
113,1,2,Passenger 113,male,34.82248952680657,4,3,168359,137.89,B20,C
114,1,3,Passenger 114,female,17.623375776727023,3,0,548096,198.24,E31,C
115,1,3,Passenger 115,female,38.69156064389273,1,1,243988,177.74,C23,C
116,1,3,Passenger 116,male,38.872908372667425,2,2,226150,99.87,nan,Q
117,1,1,Passenger 117,male,22.367138958214184,2,3,573919,108.74,D45,Q
118,0,3,Passenger 118,female,30.37937835447602,1,0,796805,46.21,nan,S
119,1,2,Passenger 119,male,36.833289928110695,3,2,409780,97.79,nan,C
120,0,1,Passenger 120,female,27.906861804206386,4,1,567143,181.58,C23,C
121,1,3,Passenger 121,female,40.729780477660114,1,1,916117,19.66,nan,Q
122,1,3,Passenger 122,female,53.638724946193605,0,1,937566,174.08,nan,S
123,0,3,Passenger 123,female,22.140139673650175,3,3,451060,74.78,nan,Q
124,0,3,Passenger 124,male,16.18955396846225,2,0,207967,180.91,nan,S
125,0,3,Passenger 125,female,33.03818595604876,1,2,194455,188.77,D45,C
126,0,3,Passenger 126,female,37.21562505126143,2,0,883123,137.46,nan,S
127,1,1,Passenger 127,female,27.69133626155231,3,3,561063,136.24,nan,Q
128,1,2,Passenger 128,male,44.53260663321034,2,0,275405,96.02,nan,C
129,0,2,Passenger 129,female,16.613942002767512,1,3,339646,168.75,nan,S
130,0,2,Passenger 130,male,36.92918623031611,3,1,289937,192.71,nan,S
131,0,3,Passenger 131,male,23.941391792411068,0,2,572312,157.27,nan,C
132,0,2,Passenger 132,male,47.19377906207296,1,1,936188,128.17,nan,C
133,0,1,Passenger 133,female,49.92515353168118,4,0,485007,125.29,C23,C
134,0,2,Passenger 134,female,22.333434122166523,1,1,161192,171.4,B20,S
135,1,3,Passenger 135,female,24.5044286409142,3,2,291758,112.83,nan,C
136,0,1,Passenger 136,female,38.59587886979802,1,1,935165,162.73,nan,C
137,0,3,Passenger 137,male,26.128693502104852,0,2,335161,106.69,nan,C
138,1,2,Passenger 138,female,29.545887820677617,0,2,912425,21.86,D45,S
139,0,2,Passenger 139,male,30.2538842054241,4,1,785852,82.95,nan,S
140,1,3,Passenger 140,female,10.803268438023437,2,3,776341,94.44,D45,S
141,1,3,Passenger 141,female,29.861622539057628,3,0,386287,36.91,D45,C
142,0,2,Passenger 142,female,23.10272225935826,3,3,815637,29.47,E31,S
143,0,3,Passenger 143,female,25.06877177600228,2,3,207044,111.74,E31,S
144,0,3,Passenger 144,male,44.43632003468814,0,1,605173,26.18,nan,S
145,0,2,Passenger 145,male,17.434931057207436,0,0,281062,67.56,nan,Q
146,0,3,Passenger 146,female,38.132051867479774,1,0,752694,151.47,B20,Q
147,1,3,Passenger 147,male,27.210370696681913,4,3,556104,193.24,nan,S
148,0,3,Passenger 148,male,27.202398315041656,4,1,169351,146.4,nan,C
149,0,3,Passenger 149,male,37.90371896051711,4,0,590588,198.6,nan,Q
150,0,3,Passenger 150,female,33.4005129456889,1,3,805359,142.68,nan,S
151,1,3,Passenger 151,male,35.70612997219531,4,0,334085,65.82,D45,S
152,0,3,Passenger 152,male,39.68184660532861,2,1,858171,137.69,nan,nan
153,0,3,Passenger 153,female,26.68691616816677,1,1,598095,143.41,nan,S
154,0,3,Passenger 154,female,23.877632654922497,2,1,170309,80.63,B20,C
155,1,3,Passenger 155,male,19.14849473442202,1,0,786093,13.37,D45,C
156,0,3,Passenger 156,male,21.74589470021045,4,2,219156,143.61,nan,Q
157,1,1,Passenger 157,male,59.49094425308725,2,0,438144,14.12,nan,Q
158,1,3,Passenger 158,male,42.44679580736786,2,2,541848,129.93,nan,C
159,0,3,Passenger 159,male,16.489256337919787,2,1,121576,41.09,nan,C
160,1,1,Passenger 160,female,16.7754204325643,1,3,627608,117.46,nan,Q
161,0,3,Passenger 161,female,34.81866061718492,3,2,766110,105.74,nan,S
162,1,1,Passenger 162,female,35.47264797377967,4,1,727290,12.57,C23,nan
163,1,2,Passenger 163,male,35.48883835317365,2,1,284535,78.94,nan,S
164,0,3,Passenger 164,female,27.450442064463022,3,2,126572,124.21,nan,S
165,0,1,Passenger 165,male,28.745457399971,4,3,380092,171.24,nan,S
166,1,3,Passenger 166,female,33.27879524159357,4,1,620114,178.84,nan,nan
167,0,3,Passenger 167,female,30.858930062933304,2,2,740816,101.93,C23,S
168,0,3,Passenger 168,male,7.80699627252465,2,3,794186,148.4,nan,S
169,0,1,Passenger 169,female,27.702003694248063,1,3,189051,70.13,nan,S
170,0,2,Passenger 170,male,21.485935657396865,3,1,914299,75.02,nan,S
171,1,3,Passenger 171,female,31.75211418908512,3,0,291303,46.95,B20,C
172,0,3,Passenger 172,male,59.8525900260341,2,0,846716,116.77,nan,C
173,0,3,Passenger 173,male,33.67481665474304,4,1,881700,69.77,nan,C
174,0,2,Passenger 174,female,26.86470313827602,2,3,303305,26.03,nan,C
175,1,3,Passenger 175,male,39.21801501977252,4,1,406822,140.15,D45,C
176,0,3,Passenger 176,female,34.826878872092124,4,2,993993,144.47,nan,C
177,1,3,Passenger 177,male,34.200944904518416,2,0,899395,78.4,nan,C
178,0,1,Passenger 178,female,36.06850593215671,0,2,557576,24.58,nan,Q
179,1,3,Passenger 179,female,50.56543564829541,3,1,673722,91.0,nan,S
180,0,3,Passenger 180,female,18.691115646740844,4,1,166617,94.04,D45,C
181,0,3,Passenger 181,male,34.736320768114545,4,3,741857,137.05,C23,S
182,0,2,Passenger 182,male,20.736188700184616,0,3,831672,69.93,nan,S
183,1,3,Passenger 183,male,35.55512646342248,1,3,983784,139.69,nan,Q
184,1,3,Passenger 184,male,20.813134885139057,0,2,966164,175.58,nan,S
185,0,1,Passenger 185,female,25.826331863949157,0,3,610874,55.12,nan,C
186,1,3,Passenger 186,female,27.049100857620935,4,1,469792,195.99,nan,C
187,1,3,Passenger 187,female,39.75816719344709,3,3,181494,83.41,nan,Q
188,0,1,Passenger 188,female,39.18454443942414,0,0,844265,60.78,nan,C
189,0,2,Passenger 189,female,17.542826235536154,1,3,701513,90.09,nan,Q
190,0,3,Passenger 190,female,30.549341109998487,2,2,182867,27.94,B20,C
191,0,1,Passenger 191,male,22.904201452508275,0,0,268600,33.88,C23,C
192,1,3,Passenger 192,female,17.414950893246655,0,0,879957,88.74,E31,C
193,1,2,Passenger 193,female,27.829829495756297,1,0,965404,154.86,nan,C
194,1,3,Passenger 194,female,26.915172115441802,3,2,558818,181.06,B20,S
195,0,1,Passenger 195,male,54.26716486345522,0,1,982693,136.32,nan,Q
196,0,3,Passenger 196,male,34.32959825360696,0,3,715036,29.99,nan,C
197,1,3,Passenger 197,male,16.22382499245763,3,0,354265,137.68,D45,C
198,1,3,Passenger 198,female,24.352259958290578,1,0,619493,130.73,nan,C
199,1,3,Passenger 199,female,40.213832954293984,0,0,264404,163.1,nan,C
200,1,1,Passenger 200,male,50.88442772869925,3,1,753817,166.8,nan,S
201,1,3,Passenger 201,female,14.140166877620416,0,1,584353,174.96,nan,C
202,0,1,Passenger 202,male,11.20075614860955,2,2,364395,88.68,nan,S
203,0,1,Passenger 203,male,48.70965175371782,4,1,985540,142.59,nan,S
204,1,2,Passenger 204,male,33.89614177370904,2,3,782387,60.97,C23,C
205,1,2,Passenger 205,female,21.317072681236336,0,2,197382,199.87,nan,Q
206,0,3,Passenger 206,female,35.346290861224354,1,2,579767,43.31,nan,nan
207,0,3,Passenger 207,male,3.6425226098312216,4,3,109583,11.92,nan,S
208,1,2,Passenger 208,female,30.03375506597161,2,3,674675,38.27,nan,Q
209,0,2,Passenger 209,male,33.278211728430854,3,3,385248,157.42,B20,S
210,0,3,Passenger 210,female,39.2427013953783,1,2,636512,94.89,nan,S
211,0,2,Passenger 211,female,19.861040477074624,2,2,947056,95.03,nan,C
212,1,2,Passenger 212,female,30.85687161403359,3,2,549274,191.45,nan,S
213,1,1,Passenger 213,male,20.745753739404126,0,3,990752,184.73,C23,Q
214,0,3,Passenger 214,female,32.55383755674317,3,3,327444,69.13,C23,Q
215,1,3,Passenger 215,female,21.04653677636976,2,0,440716,49.72,nan,nan
216,0,2,Passenger 216,male,25.918991608397793,2,1,971901,171.21,nan,S
217,0,1,Passenger 217,female,20.04184605209771,0,0,964360,182.14,nan,C
218,1,3,Passenger 218,male,36.51136241823657,3,3,566690,112.9,nan,C
219,1,3,Passenger 219,female,38.58451116656666,3,2,366285,129.59,nan,S
220,1,2,Passenger 220,male,27.65379430042586,0,3,778710,58.81,C23,S
221,1,3,Passenger 221,female,30.382379949600285,3,1,568298,162.15,nan,S
222,0,1,Passenger 222,female,15.51408585366456,0,0,957303,130.1,D45,nan
223,0,2,Passenger 223,male,27.00323351993213,1,0,236149,105.67,nan,S
224,0,3,Passenger 224,male,29.497953829582553,2,2,670303,21.42,nan,Q
225,0,2,Passenger 225,male,56.20793091029975,1,0,271929,184.03,nan,C
226,0,3,Passenger 226,male,18.880329742258365,4,0,856556,126.94,nan,Q
227,1,2,Passenger 227,male,44.64177238752438,4,3,290912,46.61,nan,S
228,0,2,Passenger 228,female,39.96858773465808,4,0,946334,125.21,nan,S
229,1,3,Passenger 229,male,32.806364044901365,0,0,105577,138.72,nan,Q
230,1,2,Passenger 230,male,47.586204841951336,3,0,906434,109.9,nan,Q
231,1,3,Passenger 231,female,33.72105472606863,1,2,150711,146.44,nan,C
232,0,2,Passenger 232,male,33.891591956679285,1,2,663739,120.48,nan,C
233,0,2,Passenger 233,female,29.468793469824547,1,3,593027,190.08,nan,Q
234,0,1,Passenger 234,female,42.235688824186276,1,0,804463,20.2,nan,C
235,0,3,Passenger 235,female,40.96469233810883,4,2,521863,30.19,nan,C
236,1,2,Passenger 236,female,23.743227125037876,1,2,659119,43.0,nan,C
237,0,3,Passenger 237,female,16.807528054012327,3,3,349402,141.13,C23,Q
238,0,2,Passenger 238,male,27.97019362604343,4,1,855664,132.66,D45,C
239,1,3,Passenger 239,male,21.999614356023535,1,0,982930,179.49,nan,S
240,0,1,Passenger 240,male,29.36475425384645,0,2,344942,149.25,nan,Q
241,1,3,Passenger 241,female,42.37438134684139,2,3,195119,106.59,nan,S
242,1,3,Passenger 242,male,25.426983449132102,2,3,953262,198.45,D45,S
243,1,3,Passenger 243,female,29.57176618688425,2,3,442776,60.56,nan,C
244,0,3,Passenger 244,female,30.58022734808395,4,2,923265,168.31,nan,Q
245,0,3,Passenger 245,female,38.484308822052846,1,0,867754,91.09,C23,nan
246,1,3,Passenger 246,female,7.531106660153949,4,1,848224,133.26,nan,S
247,0,1,Passenger 247,male,23.932997052347034,3,0,910830,148.18,nan,nan
248,1,1,Passenger 248,female,32.11283692279473,0,3,685842,130.41,nan,S
249,1,3,Passenger 249,female,42.000789564268615,0,3,150755,36.7,nan,C
250,1,3,Passenger 250,male,25.080975524937948,2,1,253412,94.16,C23,C
251,0,3,Passenger 251,male,11.23447293958126,2,0,951426,116.67,D45,Q
252,0,2,Passenger 252,female,36.197114459661364,2,3,688172,171.32,nan,C
253,1,1,Passenger 253,female,23.646376111743706,1,3,970793,94.29,nan,C
254,0,1,Passenger 254,female,18.103333409096386,3,0,641770,184.56,nan,S
255,0,3,Passenger 255,female,23.75654610286776,3,3,154225,93.67,nan,C
256,0,2,Passenger 256,female,28.154746423441505,3,0,289921,114.27,nan,C
257,1,2,Passenger 257,female,23.952553354617873,3,3,699142,161.29,nan,S
258,1,2,Passenger 258,male,7.9443394290093075,2,0,665544,120.78,nan,S
259,0,1,Passenger 259,male,38.970661968871326,0,1,340617,192.44,nan,C
260,0,3,Passenger 260,male,42.748750412787224,2,3,208721,135.46,nan,S
261,1,2,Passenger 261,female,36.51521991339506,3,1,705398,109.31,nan,S
262,1,3,Passenger 262,female,18.623143295751834,2,3,213606,14.48,nan,Q
263,0,2,Passenger 263,female,27.98508466052482,3,3,638938,88.61,nan,C
264,0,2,Passenger 264,male,29.934786847705418,4,2,277190,66.86,nan,C
265,1,1,Passenger 265,female,35.987943895619104,0,0,128930,152.14,nan,Q
266,1,1,Passenger 266,female,36.68340488718081,4,1,841067,49.57,nan,C
267,1,2,Passenger 267,female,22.65826201221504,1,1,360102,48.99,nan,nan
268,1,2,Passenger 268,female,30.819955564135604,2,1,462544,46.01,nan,S
269,0,3,Passenger 269,male,34.57280404615241,1,0,373945,33.87,nan,S
270,0,2,Passenger 270,female,44.558223221467664,2,2,675648,69.09,nan,nan
271,1,3,Passenger 271,male,37.04506539824723,4,1,974340,178.33,D45,S
272,1,3,Passenger 272,male,37.89056687375519,3,0,247631,157.24,nan,C
273,1,3,Passenger 273,male,30.83826627929361,3,3,394478,149.7,nan,C
274,1,1,Passenger 274,female,44.10459145203504,2,1,336545,161.49,nan,S
275,0,2,Passenger 275,female,34.09762795959497,3,1,113288,61.19,nan,C
276,0,1,Passenger 276,female,21.389120898264295,4,2,777758,178.61,nan,Q
277,1,2,Passenger 277,female,44.033699701251905,3,1,307302,36.09,nan,S
278,1,3,Passenger 278,female,36.979032725390276,4,1,898623,73.91,nan,S
279,1,1,Passenger 279,female,25.569559788715175,1,3,380195,121.48,nan,Q
280,1,2,Passenger 280,male,25.205070326007565,4,0,161715,29.55,nan,S
281,1,3,Passenger 281,male,32.96575545140762,0,0,110737,148.72,nan,C
282,0,3,Passenger 282,male,34.63184795267585,0,2,689428,83.58,C23,S
283,0,3,Passenger 283,male,31.972922656312065,0,3,780611,159.04,nan,C
284,0,1,Passenger 284,male,33.11308673442885,2,0,282047,103.65,D45,S
285,0,2,Passenger 285,male,46.999573745763804,2,3,367291,44.37,C23,C
286,0,3,Passenger 286,male,40.71543152234886,2,0,674796,149.6,nan,S
287,0,1,Passenger 287,female,31.906355912650245,4,3,414368,57.91,nan,C
288,0,2,Passenger 288,male,39.41310580767483,2,2,381787,103.25,nan,C
289,0,1,Passenger 289,male,19.674760964724605,1,1,401111,24.35,D45,Q
290,0,1,Passenger 290,male,33.979270499468086,0,2,203535,127.39,D45,Q
291,0,2,Passenger 291,female,48.0930634973311,4,0,927165,136.51,nan,C
292,0,1,Passenger 292,male,27.81954104607626,0,2,396952,81.95,D45,C
293,1,3,Passenger 293,male,21.52366071380915,2,1,612438,191.34,nan,S
294,0,3,Passenger 294,female,23.479111114069394,4,2,822648,176.09,nan,S
295,0,3,Passenger 295,male,19.103669626576117,3,0,683247,144.51,E31,C
296,0,2,Passenger 296,male,22.152380918722965,1,0,495065,145.59,C23,S
297,1,1,Passenger 297,male,26.29491901409971,2,2,430322,57.96,nan,C
298,0,1,Passenger 298,male,15.94432980821358,2,1,822496,134.79,C23,Q
299,1,3,Passenger 299,male,30.15618333949603,1,2,291812,47.66,B20,C
300,0,3,Passenger 300,male,39.02277173786647,1,1,212255,37.36,C23,Q
301,0,1,Passenger 301,female,20.9224381985308,3,3,710610,199.9,D45,C
302,0,3,Passenger 302,female,45.19283923641769,2,1,930997,128.25,C23,nan
303,0,1,Passenger 303,female,35.107920885275945,2,3,608522,91.89,nan,C
304,1,3,Passenger 304,male,40.305805856240575,0,2,101132,64.75,D45,C
305,1,3,Passenger 305,female,23.42165446147863,4,1,793619,124.74,nan,C
306,1,3,Passenger 306,male,38.545252270666154,4,3,851972,19.42,D45,S
307,0,3,Passenger 307,male,19.08066099604687,0,3,950100,27.99,nan,S
308,0,3,Passenger 308,female,38.90247500836509,4,3,359427,16.24,nan,S
309,1,2,Passenger 309,male,31.718393397935312,1,0,531779,104.84,nan,S
310,0,3,Passenger 310,male,35.53251219984784,4,2,585443,124.12,nan,S
311,0,1,Passenger 311,female,18.24405394375148,4,3,733123,21.87,nan,S
312,0,3,Passenger 312,female,21.049301577233955,0,1,242003,147.03,B20,C
313,0,3,Passenger 313,male,35.972282182533846,3,3,882516,53.78,B20,S
314,1,3,Passenger 314,female,20.516519957757993,4,0,697457,140.19,nan,C
315,1,2,Passenger 315,female,34.63206292099123,4,2,360529,196.56,B20,S
316,1,3,Passenger 316,male,16.328621935397543,3,0,543855,141.31,D45,S
317,0,3,Passenger 317,male,38.48174212666668,0,0,353608,177.81,nan,S
318,0,3,Passenger 318,male,17.67476685231491,3,0,858673,190.16,nan,Q
319,0,1,Passenger 319,male,35.522999376795234,0,1,814261,102.48,E31,S
320,0,1,Passenger 320,male,36.256309336460006,1,2,724705,143.44,nan,nan
321,0,2,Passenger 321,female,23.032281815704252,0,2,625332,171.87,D45,C
322,1,1,Passenger 322,female,35.82026567084727,1,1,277763,77.76,D45,C
323,1,3,Passenger 323,female,32.60442263333556,1,2,331807,59.67,D45,S
324,0,2,Passenger 324,male,24.61158143807262,0,0,124363,189.85,nan,nan
325,1,3,Passenger 325,female,19.91445315923792,2,2,408838,148.0,nan,C
326,1,2,Passenger 326,female,10.37374308327421,0,1,494798,51.74,nan,C
327,0,1,Passenger 327,female,33.496500472996935,4,0,907733,95.33,nan,C
328,1,3,Passenger 328,male,14.351972286379448,4,1,436473,161.33,nan,C
329,0,3,Passenger 329,female,30.953441994413083,2,3,101620,113.94,nan,S
330,0,2,Passenger 330,male,27.36551783917751,1,0,424368,133.49,nan,S
331,0,3,Passenger 331,male,36.79142775438196,2,0,549871,153.22,D45,S
332,1,3,Passenger 332,male,26.979545005101357,4,2,195419,128.18,nan,Q
333,0,2,Passenger 333,female,26.705522136529087,2,0,792894,112.62,nan,S
334,0,3,Passenger 334,female,37.318707042882956,0,1,596712,152.43,nan,C
335,0,3,Passenger 335,male,33.35058029084117,2,2,826989,148.24,nan,C
336,0,3,Passenger 336,male,33.16155957182778,1,3,942288,129.68,nan,Q
337,1,1,Passenger 337,male,34.69267589808526,0,1,280324,78.36,C23,C
338,1,3,Passenger 338,male,14.644278767928942,3,3,417953,87.1,nan,Q
339,0,1,Passenger 339,male,37.56788679986982,4,3,646547,194.38,C23,C
340,0,1,Passenger 340,male,36.12468794013602,4,3,120655,31.35,nan,C
341,0,2,Passenger 341,female,19.83316871423503,2,0,550400,61.02,D45,C
342,0,2,Passenger 342,male,27.559195263257987,0,1,121602,103.56,D45,S
343,0,3,Passenger 343,male,29.60692712372369,3,1,972377,168.98,B20,C
344,0,3,Passenger 344,male,28.655032155982674,0,0,766470,41.1,D45,S
345,0,3,Passenger 345,female,33.338599665685344,4,2,987278,62.62,E31,C
346,1,2,Passenger 346,female,44.313667818311835,0,3,442962,22.5,D45,S
347,1,2,Passenger 347,female,40.81766727672829,3,1,625825,144.14,nan,S
348,0,2,Passenger 348,male,16.877808065685937,2,0,510354,55.26,nan,S
349,0,3,Passenger 349,female,36.220699903060485,1,3,880498,83.85,nan,S
350,1,1,Passenger 350,male,43.2893331953541,0,2,801562,94.3,nan,C
351,0,3,Passenger 351,female,33.868085206892026,1,2,271236,179.35,nan,C
352,1,3,Passenger 352,female,40.90980425185967,4,3,189743,88.15,nan,Q
353,1,2,Passenger 353,female,50.12270445700765,2,2,547875,37.59,D45,C
354,0,3,Passenger 354,female,40.23709546106981,2,1,186155,109.62,B20,C
355,0,2,Passenger 355,female,32.49308595641729,0,1,189846,192.96,nan,S
356,1,3,Passenger 356,male,40.450884740847535,2,1,858795,125.46,nan,Q
357,0,3,Passenger 357,female,31.448878330968913,0,2,392706,196.84,B20,S
358,0,2,Passenger 358,male,30.239030432849553,0,1,914468,169.81,nan,S
359,1,2,Passenger 359,female,26.485857642862676,1,0,816112,16.83,C23,S
360,0,3,Passenger 360,male,45.63413358832108,2,1,960665,135.1,nan,S
361,0,3,Passenger 361,male,21.815713340579986,0,1,707337,64.49,nan,S
362,1,2,Passenger 362,male,45.32367724678116,1,2,339647,116.33,nan,C
363,0,3,Passenger 363,male,34.99864123740372,3,1,430825,63.08,D45,C
364,0,3,Passenger 364,male,16.006938251980586,1,3,389962,76.29,nan,nan
365,1,3,Passenger 365,female,33.67649292991422,1,0,948964,185.4,nan,S
366,0,1,Passenger 366,male,8.99973492348376,0,2,419849,49.26,nan,S
367,1,3,Passenger 367,male,36.25508016831036,4,0,644392,176.08,nan,Q
368,1,3,Passenger 368,female,38.852314829889906,4,3,486480,15.79,B20,S
369,0,1,Passenger 369,male,24.076440443479463,4,2,752192,27.27,C23,C
370,0,2,Passenger 370,female,31.23547695955582,1,2,956035,172.39,nan,C
371,0,3,Passenger 371,female,49.541574337502865,0,1,726787,129.81,nan,Q
372,0,1,Passenger 372,female,24.942532957380635,2,0,945457,151.97,nan,Q
373,0,3,Passenger 373,female,19.410924129433994,1,3,851624,49.79,C23,C
374,1,2,Passenger 374,male,44.816634024625984,1,3,918749,112.05,C23,C
375,0,2,Passenger 375,female,49.625871905307946,0,2,524632,150.07,nan,C
376,0,3,Passenger 376,male,30.036956718478475,3,1,273084,129.19,C23,Q
377,1,2,Passenger 377,male,40.11463035408356,1,2,624156,99.62,nan,S
378,0,3,Passenger 378,female,43.414759155308815,3,2,992017,192.36,B20,S
379,1,2,Passenger 379,male,22.575157674616158,3,2,561261,138.47,E31,C
380,0,3,Passenger 380,female,25.146941646321316,4,2,776760,182.47,C23,Q
381,0,1,Passenger 381,female,42.30874513154735,0,3,410414,148.66,C23,S
382,1,2,Passenger 382,female,46.85014278708509,3,3,303141,149.74,nan,Q
383,1,3,Passenger 383,female,35.62880860174355,0,2,743703,25.2,D45,C
384,1,2,Passenger 384,male,21.201856464979457,4,2,543049,78.3,nan,S
385,1,3,Passenger 385,male,49.87061111699441,0,1,294716,173.09,nan,nan
386,1,2,Passenger 386,female,24.690291021880356,1,2,704494,54.19,nan,C
387,0,3,Passenger 387,male,26.648622188285483,3,3,431612,31.95,D45,C
388,0,1,Passenger 388,female,33.423378344896214,0,0,290545,71.96,nan,Q
389,1,3,Passenger 389,female,45.54160420714774,2,3,531544,51.88,nan,Q
390,1,2,Passenger 390,female,38.539759765522234,0,1,530000,185.8,nan,C
391,1,2,Passenger 391,male,34.148655003619105,3,3,123723,174.91,nan,C
392,0,1,Passenger 392,male,34.63288530118106,4,0,947078,104.94,nan,C
393,0,1,Passenger 393,male,30.43514668643466,4,2,821615,21.66,D45,nan
394,1,3,Passenger 394,male,35.58139514518506,3,0,624362,145.77,D45,S
395,0,2,Passenger 395,female,4.704399223056971,1,2,879533,128.45,nan,S
396,1,3,Passenger 396,male,27.033925409302014,1,2,388642,194.41,D45,S
397,1,2,Passenger 397,male,32.41321934916781,4,3,820882,116.2,C23,C
398,0,2,Passenger 398,male,18.48985916380493,4,3,721169,73.91,nan,S
399,1,3,Passenger 399,female,33.8632331781156,3,3,513757,108.61,C23,Q
400,1,3,Passenger 400,female,27.955287790138783,1,1,670217,196.06,B20,C
401,0,1,Passenger 401,male,47.5547569831549,4,3,223199,142.31,nan,S
402,1,1,Passenger 402,male,45.730197252148564,1,1,331525,137.68,nan,S
403,0,1,Passenger 403,male,25.34194430881837,4,3,388172,55.73,E31,S
404,1,3,Passenger 404,male,28.491622884333047,0,2,129545,151.28,nan,C
405,0,3,Passenger 405,female,29.260524343916074,2,1,703857,152.55,nan,nan
406,1,2,Passenger 406,female,25.483405238403773,0,0,131673,70.28,nan,nan
407,0,3,Passenger 407,male,31.950249840281266,4,1,524190,101.91,nan,C
408,0,3,Passenger 408,male,22.417179311124098,2,1,552115,65.97,D45,C
409,1,3,Passenger 409,female,18.693846650624735,2,0,516313,59.15,nan,C
410,0,3,Passenger 410,male,36.227112239002686,4,1,988943,14.92,nan,nan
411,0,2,Passenger 411,female,36.29529584221811,4,2,455288,64.19,nan,Q
412,1,1,Passenger 412,male,21.956842403400074,1,3,426968,115.25,nan,C
413,1,2,Passenger 413,male,38.95355430762599,4,0,123525,10.3,nan,C
414,0,1,Passenger 414,male,23.684222708346688,3,3,682092,63.81,nan,C
415,1,3,Passenger 415,female,32.53165238037981,4,2,246115,177.47,D45,S
416,0,3,Passenger 416,female,38.20344012612456,3,0,666134,122.79,nan,Q
417,0,1,Passenger 417,male,29.66387435296287,4,3,177261,125.49,nan,nan
418,0,1,Passenger 418,male,34.54740912141134,1,3,857600,86.64,nan,S
419,1,2,Passenger 419,male,24.835703561124284,3,2,600827,138.53,nan,S
420,1,3,Passenger 420,male,28.03533416571903,0,3,284100,46.09,nan,C
421,1,2,Passenger 421,male,27.941405691196596,3,2,915915,165.56,nan,C
422,1,3,Passenger 422,male,22.53421653459761,1,1,107265,32.17,D45,Q
423,0,1,Passenger 423,female,28.232258368842178,3,2,909195,134.64,nan,C
424,0,1,Passenger 424,male,14.513817011362534,4,1,306724,74.82,C23,C
425,0,3,Passenger 425,male,25.08846252857895,4,0,115733,152.03,nan,nan
426,0,3,Passenger 426,female,27.151245066303293,1,3,998628,114.46,B20,Q
427,0,1,Passenger 427,male,27.4382024750462,2,2,715326,95.95,nan,C
428,1,3,Passenger 428,female,27.58502554129221,4,2,399564,42.19,C23,C
429,0,3,Passenger 429,male,29.38235800139871,0,3,764607,131.0,nan,C
430,0,3,Passenger 430,female,34.79441518086064,1,3,558365,195.21,nan,nan
431,0,2,Passenger 431,female,38.745170741325225,3,0,121058,166.86,nan,C
432,1,3,Passenger 432,female,23.50234773151733,3,0,346301,21.4,E31,C
433,1,2,Passenger 433,female,17.967991446108556,0,2,397073,81.48,nan,S
434,0,3,Passenger 434,male,19.57955587756897,4,0,262434,185.86,nan,C
435,0,1,Passenger 435,female,25.127970788050728,1,1,710777,105.58,C23,C
436,1,1,Passenger 436,male,26.480786821834908,0,0,708952,135.8,nan,C
437,0,2,Passenger 437,male,22.300039338025428,4,0,802716,183.39,C23,C
438,1,3,Passenger 438,male,17.038833357501055,1,2,177597,176.02,nan,C
439,1,2,Passenger 439,female,25.438791725258117,3,1,892473,105.35,C23,C
440,0,3,Passenger 440,male,31.814266201139713,1,0,178209,93.15,nan,S
441,0,3,Passenger 441,female,35.950294658355645,2,1,882397,74.54,nan,C
442,1,1,Passenger 442,female,24.425769468916787,1,1,292941,146.61,nan,S
443,0,3,Passenger 443,female,25.870021778565658,2,1,776419,64.53,D45,S
444,0,2,Passenger 444,female,20.733016911526892,1,3,724152,57.48,nan,Q
445,1,3,Passenger 445,male,29.685608296252237,2,3,248620,77.69,nan,C
446,1,1,Passenger 446,male,21.515713658091855,3,3,508294,43.67,E31,C
447,1,3,Passenger 447,male,35.731278132412,4,3,498635,142.07,nan,S
448,1,3,Passenger 448,male,12.141335080658887,2,2,266562,127.09,D45,S
449,0,3,Passenger 449,male,26.403703275475376,2,0,307158,101.75,B20,S
450,0,3,Passenger 450,male,33.01107339191742,3,3,739446,84.16,D45,C
451,1,2,Passenger 451,male,31.838345163225043,2,2,101468,182.72,D45,S
452,0,3,Passenger 452,female,56.93033663980496,0,0,386453,15.53,nan,C
453,0,3,Passenger 453,female,33.49800024567907,3,3,172255,156.13,nan,C
454,1,3,Passenger 454,male,19.959454031579895,0,0,882366,181.36,C23,Q
455,0,1,Passenger 455,female,29.04535752910927,3,3,968331,94.81,nan,C
456,0,3,Passenger 456,male,12.237536665335483,2,2,653006,114.63,nan,Q
457,0,3,Passenger 457,male,29.19400250703239,0,1,325409,189.45,C23,S
458,0,3,Passenger 458,female,21.669439429992416,2,1,339967,50.33,nan,S
459,0,2,Passenger 459,male,39.15390275560162,3,0,793201,108.83,E31,S
460,0,3,Passenger 460,male,24.50459725404465,2,2,838925,100.2,D45,Q
461,0,2,Passenger 461,female,28.832340842047532,0,1,468697,59.09,D45,S
462,1,3,Passenger 462,female,23.644421585955968,0,3,936713,165.53,C23,C
463,1,1,Passenger 463,female,47.388513518533316,2,1,475595,180.92,D45,Q
464,0,3,Passenger 464,female,26.787572338820883,1,0,347113,158.57,D45,C
465,1,3,Passenger 465,female,48.32557043479201,3,0,887199,47.12,nan,C
466,0,1,Passenger 466,male,38.141517621182665,3,2,497111,26.48,nan,C
467,0,3,Passenger 467,male,34.82066727335386,2,0,682314,125.03,D45,Q
468,1,2,Passenger 468,male,33.6873314731752,1,1,667256,20.85,D45,Q
469,0,3,Passenger 469,male,33.93797298216251,0,1,795457,137.84,nan,S
470,1,3,Passenger 470,female,10.723274206543898,4,1,508548,110.78,nan,C
471,0,3,Passenger 471,male,27.211166058492434,4,1,245693,135.93,nan,nan
472,1,3,Passenger 472,female,38.451579711843216,2,2,701158,122.13,nan,S
473,0,3,Passenger 473,female,29.511028165258946,1,3,642462,90.31,E31,Q
474,1,2,Passenger 474,female,15.94810153196425,1,3,985621,48.17,B20,S
475,0,2,Passenger 475,female,29.475955494225307,3,2,664790,68.08,nan,C
476,1,3,Passenger 476,female,47.04105516255491,0,0,398818,109.66,nan,S
477,0,3,Passenger 477,male,42.46891715534719,1,3,661548,133.85,nan,Q
478,0,3,Passenger 478,female,29.379959906339682,4,0,822969,158.1,C23,nan
479,1,3,Passenger 479,male,39.514492770580866,0,3,804824,155.76,nan,S
480,0,2,Passenger 480,female,26.334929796319482,0,0,696093,194.81,nan,S
481,1,3,Passenger 481,male,12.96128413173281,2,2,295991,64.31,nan,S
482,1,1,Passenger 482,female,20.755340118704456,1,1,883924,23.51,nan,C
483,0,3,Passenger 483,female,45.62888768508198,2,0,285541,75.67,nan,C
484,1,1,Passenger 484,male,27.260069181706957,1,1,117194,151.23,nan,Q
485,0,2,Passenger 485,male,27.56616020624982,3,0,782171,93.24,nan,Q
486,1,2,Passenger 486,female,27.001618037251195,2,0,958809,165.38,nan,C
487,0,2,Passenger 487,male,49.04136589573007,2,0,755152,114.37,nan,S
488,0,3,Passenger 488,female,46.25958915362063,4,0,618953,186.66,D45,Q
489,1,2,Passenger 489,female,52.18780233448134,2,0,668011,190.09,D45,nan
490,1,2,Passenger 490,male,28.409547895999488,1,1,331408,23.17,D45,S
491,0,2,Passenger 491,male,32.95624488747095,4,0,568451,96.72,E31,Q
492,1,2,Passenger 492,male,14.83357450579209,2,1,342113,125.84,nan,S
493,0,2,Passenger 493,female,44.769344261182745,2,2,176298,58.62,nan,Q
494,0,1,Passenger 494,male,18.32220448732065,3,3,683526,87.34,nan,S
495,0,3,Passenger 495,female,32.16775563762629,2,0,359425,138.76,D45,C
496,0,3,Passenger 496,male,19.026974723671557,0,3,729721,53.08,B20,C
497,0,3,Passenger 497,female,24.11133173261304,4,1,610609,124.38,nan,Q
498,0,2,Passenger 498,female,21.627375689502998,0,2,207092,142.52,nan,Q
499,1,2,Passenger 499,female,23.92124739324182,4,2,364291,27.19,nan,Q
500,1,3,Passenger 500,male,24.608772968510216,3,2,329991,104.53,C23,Q
501,1,3,Passenger 501,female,24.51731205074923,2,3,400589,59.99,nan,C
502,0,2,Passenger 502,female,38.33333911780307,2,1,809163,147.63,nan,S
503,0,1,Passenger 503,female,18.9513720693748,2,0,292180,46.02,nan,Q
504,1,2,Passenger 504,female,32.20541427013867,4,0,730458,179.53,nan,Q
505,1,2,Passenger 505,male,42.179591523055585,2,1,447761,91.88,C23,S
506,0,2,Passenger 506,male,24.86803635486604,0,3,313482,47.62,nan,S
507,1,3,Passenger 507,female,22.820811092523982,2,0,939934,93.22,D45,nan
508,1,3,Passenger 508,male,27.694753748197492,3,1,741404,87.66,nan,Q
509,1,3,Passenger 509,female,41.797252083607106,0,0,924187,91.49,D45,C
510,1,3,Passenger 510,female,31.941076309533578,2,2,764093,121.26,D45,Q
511,1,3,Passenger 511,male,24.687857053924013,2,0,895911,109.02,nan,Q
512,0,3,Passenger 512,female,34.838766511880394,1,3,699649,38.46,nan,S
513,1,3,Passenger 513,male,18.977078501635766,4,1,776664,22.46,C23,C
514,1,1,Passenger 514,female,36.81359510442948,0,3,528910,148.59,nan,nan
515,0,1,Passenger 515,female,34.08607307701767,1,1,224232,116.35,D45,Q
516,0,1,Passenger 516,female,26.92191528861116,3,2,992018,78.21,C23,nan
517,0,3,Passenger 517,male,21.61414201552769,4,1,181171,163.59,D45,C
518,1,3,Passenger 518,male,21.133190777165428,0,0,476295,83.73,nan,S
519,1,2,Passenger 519,female,35.348173363459104,2,0,186296,161.23,nan,S
520,0,3,Passenger 520,female,42.28980502489062,0,2,240562,68.09,nan,nan
521,0,1,Passenger 521,female,23.626922529712054,2,1,252324,23.84,nan,C
522,0,3,Passenger 522,male,34.58386703551484,4,2,598506,187.2,C23,C
523,1,2,Passenger 523,male,9.129729813979313,2,0,762222,84.96,D45,S
524,1,1,Passenger 524,male,24.153822693428005,3,3,341535,160.61,nan,C
525,1,2,Passenger 525,female,29.68941067129098,2,2,432103,63.04,C23,C
526,0,2,Passenger 526,male,20.903165830181663,3,3,503666,132.81,nan,C
527,0,2,Passenger 527,male,20.63493625210404,4,3,418166,175.93,nan,Q
528,0,2,Passenger 528,female,23.322204435311136,4,1,883258,17.91,B20,Q
529,0,3,Passenger 529,male,32.921927283263734,0,2,948423,167.82,B20,C
530,1,3,Passenger 530,female,28.126709815936252,3,3,271999,118.55,nan,C
531,1,2,Passenger 531,female,7.617687666750278,3,3,855737,125.42,E31,Q
532,1,3,Passenger 532,female,8.792998473649337,1,1,411997,109.4,nan,Q
533,1,3,Passenger 533,male,23.931348221428244,1,1,131826,176.15,nan,C
534,0,2,Passenger 534,male,34.57686586053552,1,0,929311,18.25,nan,C
535,1,2,Passenger 535,female,2.5249515727476535,2,3,812625,59.6,E31,S
536,1,1,Passenger 536,female,25.002698238483696,1,0,696649,176.39,nan,nan
537,1,1,Passenger 537,female,24.737521434825787,3,3,340028,152.95,nan,nan
538,0,3,Passenger 538,male,43.88337778208448,2,0,440134,13.35,nan,S
539,0,1,Passenger 539,female,26.149781882871363,4,1,451931,108.23,C23,C
540,0,3,Passenger 540,female,33.829889847409284,0,2,317256,110.62,nan,S
541,1,3,Passenger 541,female,31.412571400874633,1,1,140736,86.17,nan,Q
542,1,1,Passenger 542,female,8.694335201927995,4,0,386674,66.5,nan,S
543,0,3,Passenger 543,female,37.682072166317376,3,0,309124,139.53,nan,C
544,1,2,Passenger 544,female,32.15396505456288,0,2,278130,49.48,C23,S
545,1,3,Passenger 545,male,35.0826863967459,4,3,730368,161.8,nan,Q
546,0,2,Passenger 546,male,69.26237706436326,0,0,567310,162.58,C23,C
547,0,3,Passenger 547,male,9.158870605014116,1,0,436399,88.9,nan,S
548,1,3,Passenger 548,male,47.24696649761108,3,0,760246,63.87,D45,C
549,0,1,Passenger 549,male,27.125524805996445,0,2,488742,63.94,nan,C
550,1,3,Passenger 550,male,32.873289044030095,4,1,324793,101.64,nan,C
551,0,3,Passenger 551,male,29.54487754698758,1,0,742911,146.72,nan,C
552,1,3,Passenger 552,male,25.757636666019565,1,2,399531,78.19,D45,C
553,0,3,Passenger 553,female,24.301670717612414,4,0,776935,125.91,D45,S
554,0,3,Passenger 554,female,33.29508735573009,4,3,736548,82.67,nan,Q
555,1,2,Passenger 555,male,14.828263033283209,0,2,532859,67.86,C23,Q
556,0,2,Passenger 556,female,37.50579167521766,2,0,553572,14.72,nan,C
557,0,3,Passenger 557,female,25.83805595114746,1,2,501072,10.74,nan,S
558,0,2,Passenger 558,male,18.699306609596423,0,0,531385,53.17,nan,S
559,1,3,Passenger 559,male,25.499871420041863,4,1,791150,87.22,nan,S
560,1,3,Passenger 560,female,42.571492168625724,0,0,393132,171.74,C23,S
561,1,2,Passenger 561,female,24.64664912983777,4,2,603195,161.71,nan,S
562,0,2,Passenger 562,female,33.5845361820962,3,3,438592,60.76,nan,S
563,0,3,Passenger 563,male,22.690437242845267,4,3,475574,56.46,nan,S
564,0,2,Passenger 564,male,37.5792184992362,4,3,843264,53.19,nan,C
565,0,3,Passenger 565,male,36.85507738790204,4,0,560522,74.46,nan,S
566,0,2,Passenger 566,male,48.486088332964115,2,1,765329,104.66,nan,Q
567,0,3,Passenger 567,male,28.244360545007844,4,0,374548,93.35,nan,S
568,0,1,Passenger 568,male,36.686548047579066,1,3,502205,51.47,nan,S
569,1,3,Passenger 569,female,30.980675395389447,1,2,558521,34.79,nan,S
570,0,2,Passenger 570,female,42.95871781863014,0,3,529199,12.39,nan,S
571,0,3,Passenger 571,male,22.811676123912697,2,2,865644,39.25,nan,C
572,1,1,Passenger 572,female,37.45005312877281,0,1,270534,144.02,nan,C
573,0,3,Passenger 573,male,28.053027038833182,1,2,381504,56.29,nan,C
574,1,3,Passenger 574,male,29.35811822891502,1,0,972089,99.03,nan,S
575,1,2,Passenger 575,male,30.91752484448373,3,0,519503,122.35,nan,S
576,1,1,Passenger 576,female,32.52240396426677,4,0,296544,178.5,nan,S
577,0,1,Passenger 577,female,28.83770956878042,1,2,346512,178.88,nan,S
578,1,3,Passenger 578,female,32.147131831705266,0,0,864325,151.69,nan,S
579,0,3,Passenger 579,male,45.781180575621846,0,0,134160,16.68,nan,S
580,0,3,Passenger 580,female,39.85449685615218,4,0,368933,119.26,E31,S
581,0,2,Passenger 581,male,38.69154592496896,4,1,258253,159.45,nan,S
582,1,2,Passenger 582,female,25.444604739761292,3,2,769745,13.28,nan,S
583,0,3,Passenger 583,female,21.10759171771676,2,2,969029,114.44,C23,C
584,0,2,Passenger 584,male,39.55300558237753,0,3,165641,172.98,nan,S
585,1,3,Passenger 585,female,38.760467925297945,4,2,930679,100.08,D45,Q
586,0,1,Passenger 586,female,44.72670675750982,0,1,710961,10.78,nan,C
587,0,3,Passenger 587,male,23.960193740307705,4,2,331322,12.09,B20,S
588,0,2,Passenger 588,female,27.70451344639653,1,1,367688,89.16,nan,Q
589,0,2,Passenger 589,male,13.60515837474566,0,1,871143,39.45,nan,nan
590,0,3,Passenger 590,female,26.07528893939127,1,2,506491,136.25,D45,C
591,0,3,Passenger 591,female,39.96570510579447,0,3,860649,144.67,nan,Q
592,1,3,Passenger 592,female,25.335046207718023,2,0,687536,43.8,nan,Q
593,0,1,Passenger 593,female,36.40479795200824,3,0,396694,178.82,C23,C
594,0,1,Passenger 594,female,28.094968940021886,1,2,940125,93.96,nan,Q
595,1,3,Passenger 595,male,33.24057028221561,4,2,512857,37.14,nan,C
596,0,3,Passenger 596,female,18.523086101843326,2,1,302821,155.21,nan,C
597,1,2,Passenger 597,male,30.85209449633901,0,2,880237,160.1,nan,C
598,0,1,Passenger 598,male,1.0,1,1,966453,131.47,D45,C
599,0,1,Passenger 599,male,28.13103841838015,0,3,377749,172.16,B20,S
600,0,3,Passenger 600,male,13.6952675628486,0,2,596389,150.1,nan,C
601,0,1,Passenger 601,female,42.059945165468164,0,0,150713,177.62,nan,S
602,0,2,Passenger 602,male,37.774073527645115,3,0,513606,92.44,nan,S
603,0,2,Passenger 603,female,34.66670981966081,3,2,437547,152.04,nan,Q
604,0,2,Passenger 604,male,45.2100622715938,4,1,944898,199.95,E31,S
605,0,1,Passenger 605,male,20.510834791751627,1,0,628269,147.74,nan,S
606,0,3,Passenger 606,female,47.473631979155584,2,1,481382,31.69,nan,S
607,0,1,Passenger 607,male,39.32191564260385,2,2,195335,108.48,D45,C
608,0,3,Passenger 608,male,27.63444712781054,2,2,207441,121.6,D45,S
609,0,2,Passenger 609,female,41.35620147182944,0,0,116984,43.1,nan,S
610,1,3,Passenger 610,male,18.937064875883657,3,2,749868,192.95,nan,C
611,0,3,Passenger 611,female,21.754858384723263,1,3,997748,43.36,nan,C
612,1,3,Passenger 612,male,23.914102767602998,0,3,515976,43.74,B20,C
613,1,3,Passenger 613,male,24.710222919359847,3,0,756884,183.88,nan,S
614,0,2,Passenger 614,female,19.43442357239747,3,3,742742,98.39,nan,Q
615,1,2,Passenger 615,male,42.23083067095325,1,1,149402,22.01,nan,S
616,1,3,Passenger 616,male,27.411455996301683,1,0,191656,123.66,nan,C
617,0,3,Passenger 617,male,33.525049683568795,1,0,165614,124.35,nan,S
618,0,3,Passenger 618,male,24.296486335863193,0,1,266963,22.26,E31,C
619,1,3,Passenger 619,female,11.793966994514829,4,3,453153,194.78,D45,C
620,1,3,Passenger 620,male,32.70057358391422,1,3,533048,113.37,B20,Q
621,0,2,Passenger 621,female,10.87745024580223,4,3,407980,116.36,nan,C
622,0,1,Passenger 622,female,29.313659539145313,0,0,883077,108.82,C23,C
623,0,3,Passenger 623,male,16.316849611671895,4,0,755337,126.04,D45,C
624,0,3,Passenger 624,female,49.872759992308076,2,3,962839,60.22,nan,Q
625,1,1,Passenger 625,male,39.113627221747215,4,2,894042,64.58,nan,S
626,0,3,Passenger 626,female,31.057537912714803,1,3,733669,107.15,nan,S
627,0,2,Passenger 627,male,42.63706677654669,0,1,586134,163.27,D45,Q
628,1,3,Passenger 628,female,21.536840225342644,1,0,115791,19.47,nan,C
629,0,1,Passenger 629,male,35.43479378670093,2,1,158047,124.65,E31,Q
630,0,2,Passenger 630,male,31.998104337187137,1,1,594064,163.29,nan,S
631,1,3,Passenger 631,female,32.6402008133367,1,0,334898,39.81,C23,C
632,1,2,Passenger 632,female,42.723535001067674,1,2,561122,12.85,nan,C
633,0,3,Passenger 633,male,37.32492102779802,3,3,775025,69.42,C23,C
634,0,3,Passenger 634,male,32.887236628250236,2,1,170246,121.75,nan,S
635,0,3,Passenger 635,female,13.451125637717038,1,0,296936,36.27,E31,C
636,0,2,Passenger 636,female,20.399537047205364,1,1,334955,90.96,nan,S
637,0,2,Passenger 637,female,28.772910664042758,1,3,448292,114.94,nan,C
638,0,1,Passenger 638,female,30.933723742766514,0,2,670178,123.79,nan,C
639,0,3,Passenger 639,female,18.69796275326076,3,2,500010,62.14,nan,Q
640,0,3,Passenger 640,female,54.11676675578421,0,2,657176,86.01,nan,Q
641,0,3,Passenger 641,male,45.16394055253573,3,0,237821,157.88,nan,C
642,0,3,Passenger 642,male,36.021183203924835,1,0,670819,188.83,D45,C
643,0,3,Passenger 643,female,30.720368612837447,2,2,907040,173.76,nan,C
644,0,3,Passenger 644,female,27.877910300988482,4,3,443130,117.21,nan,C
645,0,1,Passenger 645,male,20.480815399777644,4,3,446140,87.96,nan,C
646,1,3,Passenger 646,male,30.774805185188626,1,0,680305,73.26,nan,nan
647,0,1,Passenger 647,female,32.57752540142751,0,2,597163,33.74,B20,Q
648,1,3,Passenger 648,female,17.582394245183757,2,3,157676,30.24,nan,S
649,1,3,Passenger 649,male,33.341764172448976,3,3,635848,140.79,E31,C
650,0,3,Passenger 650,male,28.44740951175251,1,3,547617,59.36,nan,C
651,0,1,Passenger 651,male,10.921924421226091,2,0,150468,58.39,nan,C
652,0,2,Passenger 652,male,21.39614989220498,2,2,787823,199.66,D45,Q
653,0,2,Passenger 653,male,25.863944665783556,3,1,551989,45.71,nan,Q
654,1,2,Passenger 654,male,48.8768765734019,2,2,919555,38.13,nan,C
655,0,1,Passenger 655,female,35.56553124533758,0,2,718634,28.75,nan,S
656,0,3,Passenger 656,male,16.64518430900109,0,0,765078,120.16,D45,Q
657,0,3,Passenger 657,female,34.86036289417637,0,3,817997,129.29,nan,C
658,0,2,Passenger 658,female,14.526960110616345,2,3,886460,79.39,nan,C
659,1,2,Passenger 659,male,40.826910538870735,0,0,147599,111.73,nan,Q
660,0,2,Passenger 660,female,25.288753481821214,3,0,248469,159.8,nan,S
661,0,3,Passenger 661,male,29.06363811260829,2,0,340270,165.44,B20,C
662,1,3,Passenger 662,female,43.2579664754219,4,0,145406,192.0,nan,C
663,1,3,Passenger 663,male,17.1283643141575,2,0,934089,166.61,nan,Q
664,0,2,Passenger 664,female,16.028818148870087,3,1,167560,117.32,D45,C
665,0,3,Passenger 665,female,24.164006736539953,4,2,616394,44.13,nan,S
666,0,3,Passenger 666,male,40.38378851019317,2,2,728431,28.96,nan,S
667,0,2,Passenger 667,male,14.806539245231576,0,2,620112,20.36,nan,C
668,0,3,Passenger 668,female,1.6784440188943108,1,3,244575,136.64,nan,C
669,0,1,Passenger 669,female,25.48841141591001,1,1,154943,163.43,nan,S
670,0,3,Passenger 670,male,35.5174079991092,0,2,175839,106.65,nan,C
671,0,2,Passenger 671,female,42.00261749738829,1,3,706962,20.4,nan,C
672,1,3,Passenger 672,male,25.36838637914601,1,1,649633,111.74,nan,S
673,0,3,Passenger 673,female,25.885733928839976,0,1,349495,187.79,nan,C
674,0,3,Passenger 674,male,41.53900734255747,0,3,150390,123.55,nan,Q
675,0,3,Passenger 675,female,11.302583003045793,2,1,850401,163.79,nan,C
676,1,2,Passenger 676,male,26.114792248169906,2,3,421701,162.03,B20,S
677,0,1,Passenger 677,male,31.90423889925058,0,2,101906,187.1,nan,C
678,0,2,Passenger 678,male,34.49218721285034,3,3,632249,156.34,C23,nan
679,1,1,Passenger 679,male,24.901933068091175,1,1,257212,152.06,nan,S
680,1,3,Passenger 680,female,30.344410117058413,2,2,289773,54.48,D45,C
681,1,2,Passenger 681,male,5.116726465870105,1,2,439711,21.39,E31,Q
682,0,3,Passenger 682,female,23.41751587666152,4,0,442808,108.34,nan,C
683,0,3,Passenger 683,male,34.53508712554468,0,0,181199,33.64,nan,Q
684,1,3,Passenger 684,male,20.177059657453206,3,1,885216,192.82,nan,S
685,1,1,Passenger 685,male,30.589842215895974,4,3,199764,65.09,nan,Q
686,0,3,Passenger 686,male,34.46872500802698,4,3,222357,172.06,nan,C
687,0,3,Passenger 687,male,26.57450799142235,4,1,442873,83.65,D45,S
688,0,2,Passenger 688,male,31.70463770996571,0,2,521777,71.41,nan,C
689,1,3,Passenger 689,male,20.372674347153875,2,1,412712,187.68,nan,S
690,0,3,Passenger 690,male,27.933887203039532,0,1,995781,79.03,nan,S
691,0,1,Passenger 691,female,36.10216169589223,2,2,959734,84.15,nan,C
692,0,3,Passenger 692,female,31.56972960968434,4,3,719256,30.16,E31,C
693,0,2,Passenger 693,male,24.134687304360646,4,1,260576,137.38,D45,S
694,0,1,Passenger 694,male,32.24216404290793,3,3,923578,64.88,nan,S
695,0,2,Passenger 695,female,37.14609790636618,2,1,664585,121.26,nan,C
696,1,1,Passenger 696,female,9.50058721422522,4,2,710682,122.36,nan,C
697,0,1,Passenger 697,female,41.59074064955898,1,2,561823,146.65,C23,Q
698,0,1,Passenger 698,male,26.637452613189282,3,0,116939,151.6,nan,C
699,0,3,Passenger 699,female,34.2548993324023,0,2,543931,107.75,nan,C
700,0,3,Passenger 700,female,41.97246923645228,3,0,406604,72.89,D45,C
701,0,3,Passenger 701,female,16.28326302769534,1,1,299294,169.12,nan,C
702,0,2,Passenger 702,female,22.905589975724535,2,3,162119,68.87,D45,Q
703,0,2,Passenger 703,male,27.11451304124295,0,2,790681,106.43,nan,nan
704,0,3,Passenger 704,male,22.162464788755717,0,2,244258,86.24,E31,S
705,0,2,Passenger 705,female,47.34936575836808,2,2,509675,172.46,nan,C
706,1,1,Passenger 706,female,21.432279061732075,3,1,318827,92.06,nan,Q
707,0,3,Passenger 707,male,24.444532205131335,4,0,367201,83.36,nan,Q
708,1,2,Passenger 708,male,32.04389031602977,3,1,249805,141.07,D45,C
709,0,3,Passenger 709,male,17.978504739239114,1,3,905589,124.46,nan,S
710,1,3,Passenger 710,male,26.04319288243736,4,1,921462,30.38,nan,Q
711,1,1,Passenger 711,female,33.17453261250175,3,3,250685,106.55,nan,nan
712,0,1,Passenger 712,female,26.671395956174887,2,2,732900,149.74,nan,Q
713,0,3,Passenger 713,male,29.066131411000516,1,3,477224,198.49,nan,S
714,0,2,Passenger 714,male,24.706678875516292,1,3,969460,129.54,D45,C
715,0,1,Passenger 715,male,14.85529690819233,1,0,579498,80.36,nan,Q
716,1,3,Passenger 716,male,33.215932113392384,4,3,236260,52.97,nan,C
717,1,1,Passenger 717,female,47.54933071647241,0,3,338178,175.84,nan,S
718,1,3,Passenger 718,female,30.18401630783438,4,1,359418,164.77,nan,S
719,0,3,Passenger 719,female,32.25264117247549,3,2,129680,54.45,nan,S
720,1,2,Passenger 720,male,36.92722755116859,0,1,334433,48.12,nan,S
721,1,1,Passenger 721,female,17.306695034533007,3,1,464446,145.88,nan,S
722,0,1,Passenger 722,female,47.025146581296056,0,2,567616,69.84,nan,C
723,0,2,Passenger 723,female,32.02328796422802,4,2,548934,68.22,B20,Q
724,1,1,Passenger 724,male,46.31856899089109,1,3,660733,38.94,nan,S
725,0,3,Passenger 725,male,22.669670044760107,2,3,630084,60.16,nan,S
726,1,1,Passenger 726,male,48.18061922557825,1,0,933650,91.23,C23,S
727,0,3,Passenger 727,male,37.75155494034783,4,1,794491,149.24,C23,C
728,1,3,Passenger 728,male,35.530400858523585,0,2,501339,73.9,nan,C
729,0,3,Passenger 729,male,32.34024454353148,1,3,763582,72.43,nan,S
730,0,3,Passenger 730,male,27.514713819255505,4,2,910506,64.13,D45,Q
731,0,2,Passenger 731,female,42.00531658473872,3,3,523041,100.87,nan,C
732,1,3,Passenger 732,male,31.40359869848047,2,0,923271,44.32,nan,S
733,1,3,Passenger 733,male,10.329302964128477,1,0,993544,102.27,nan,S
734,0,2,Passenger 734,female,18.828135382929975,0,2,692610,143.79,nan,C
735,0,1,Passenger 735,female,28.141542478072527,3,0,942753,15.66,nan,S
736,1,3,Passenger 736,female,33.09998983165555,4,2,854534,11.86,C23,S
737,0,2,Passenger 737,female,29.43411511100104,2,3,734388,24.27,nan,S
738,1,1,Passenger 738,female,42.18970789793663,0,1,623321,111.78,nan,S
739,0,2,Passenger 739,female,10.488981359613753,4,0,519204,172.35,nan,Q
740,0,2,Passenger 740,male,31.4358793650516,4,3,921939,10.93,nan,C
741,0,3,Passenger 741,male,11.820207746128453,1,1,199244,187.97,C23,C
742,0,3,Passenger 742,male,37.59712295484168,1,1,591860,30.19,nan,C
743,1,3,Passenger 743,male,29.055412855579974,0,1,487932,169.98,E31,Q
744,0,1,Passenger 744,male,34.19609972024118,4,3,457395,101.74,nan,C
745,0,2,Passenger 745,female,21.361170394102338,1,3,910238,135.28,nan,C
746,1,2,Passenger 746,female,42.79464931657751,2,2,230364,107.03,D45,C
747,0,1,Passenger 747,female,40.417246640588516,2,1,923333,100.64,nan,C
748,0,2,Passenger 748,male,35.835443030118874,4,1,510259,168.63,nan,S
749,1,3,Passenger 749,female,28.70482753136559,1,1,568977,153.62,C23,C
750,1,1,Passenger 750,female,35.798572852951324,0,2,502968,101.85,nan,Q
751,0,3,Passenger 751,male,22.931074320126513,0,1,300065,31.21,D45,Q
752,1,2,Passenger 752,female,38.55555659020712,0,3,797976,31.93,B20,C
753,1,1,Passenger 753,male,46.49480894323921,2,1,152127,162.29,nan,S
754,0,2,Passenger 754,male,40.70610559979186,1,0,886885,110.58,nan,Q
755,0,3,Passenger 755,female,22.703975301925905,1,3,961864,101.5,nan,C
756,1,3,Passenger 756,male,33.61417317273103,2,2,711650,139.31,nan,C
757,1,3,Passenger 757,male,17.068584562413523,0,1,373120,173.18,C23,C
758,0,2,Passenger 758,female,35.723903111756755,0,0,738464,129.49,C23,C
759,1,1,Passenger 759,female,34.50603412862539,4,2,199122,154.94,nan,C
760,1,3,Passenger 760,male,11.30183660467836,3,2,432548,155.4,nan,Q
761,0,2,Passenger 761,male,18.382161560876362,1,3,444076,77.69,nan,S
762,0,3,Passenger 762,male,27.16861103256233,1,2,721458,62.08,nan,S
763,0,1,Passenger 763,female,26.99140252859174,1,2,439851,162.22,D45,C
764,1,2,Passenger 764,male,17.905230645811947,3,2,582863,81.66,nan,C
765,0,1,Passenger 765,male,33.889787293521834,4,2,317912,181.63,D45,Q
766,0,2,Passenger 766,female,32.51473608940512,3,1,872466,23.24,nan,C
767,1,3,Passenger 767,female,28.057308680214806,0,1,335851,21.06,C23,C
768,1,2,Passenger 768,male,22.44208499841637,0,1,455933,186.13,nan,S
769,0,2,Passenger 769,female,40.487071264165635,1,1,720804,133.21,nan,C
770,1,2,Passenger 770,female,46.55407113088295,2,0,632245,82.12,nan,S
771,0,2,Passenger 771,male,25.16438516153463,1,1,607750,153.46,C23,C
772,1,3,Passenger 772,male,23.878330828451794,2,2,207724,137.74,nan,nan
773,0,3,Passenger 773,female,34.912076654119964,3,1,498008,110.93,nan,S
774,0,3,Passenger 774,male,26.419706202530136,0,1,375381,28.79,nan,S
775,1,3,Passenger 775,female,28.606027993367658,2,3,938018,164.31,nan,C
776,0,2,Passenger 776,male,37.396531517246714,3,2,905684,174.54,nan,S
777,0,3,Passenger 777,male,10.906439124927072,0,1,503923,42.71,B20,S
778,1,2,Passenger 778,male,43.183023248526695,2,1,789566,171.6,nan,S
779,1,2,Passenger 779,male,30.726805243293413,1,1,627831,176.79,nan,Q
780,1,3,Passenger 780,male,25.885068554378197,1,0,799495,114.39,nan,S
781,1,1,Passenger 781,male,29.10765845778551,1,1,347541,134.67,nan,C
782,0,3,Passenger 782,female,29.624293550205188,3,3,728935,82.63,nan,Q
783,0,2,Passenger 783,female,12.687986965550746,1,2,659319,63.54,nan,S
784,0,3,Passenger 784,female,44.94938227453236,4,2,274001,147.18,nan,C
785,0,3,Passenger 785,female,30.413256322706186,0,1,427891,173.76,nan,C
786,1,3,Passenger 786,male,34.430021304473755,3,1,551067,134.27,C23,Q
787,0,3,Passenger 787,female,39.51549770574043,1,1,417455,107.2,nan,S
788,0,3,Passenger 788,male,19.788375424396996,0,2,605329,40.2,B20,C
789,0,1,Passenger 789,female,34.734718990352285,2,2,860691,20.16,nan,C
790,1,3,Passenger 790,female,27.323589091012064,1,0,165867,94.68,nan,C
791,0,1,Passenger 791,female,38.46770775216494,0,3,188780,19.38,nan,S
792,0,3,Passenger 792,female,8.727725796485046,4,0,157196,118.17,nan,C
793,0,3,Passenger 793,female,29.00905699758731,2,3,697993,82.72,B20,S
794,1,3,Passenger 794,male,23.971793442160383,4,0,944326,153.87,D45,C
795,0,1,Passenger 795,male,34.322629506341556,0,2,974072,68.07,nan,S
796,1,1,Passenger 796,female,34.700441873682024,4,0,600653,122.67,nan,nan
797,1,3,Passenger 797,male,22.92374105177974,0,3,376735,112.16,nan,C
798,0,1,Passenger 798,female,22.878261358239563,0,1,721535,10.9,nan,C
799,1,1,Passenger 799,female,28.893346314426704,4,3,804253,23.75,nan,S
800,1,1,Passenger 800,male,21.033577726847916,0,1,100727,65.17,E31,C
801,1,3,Passenger 801,female,38.41983695452127,1,2,143822,177.62,B20,C
802,0,3,Passenger 802,female,26.30792799552554,0,3,465543,37.93,B20,S
803,0,2,Passenger 803,female,1.0,3,0,212113,145.07,C23,nan
804,1,2,Passenger 804,female,26.251779433781937,0,3,319606,194.94,nan,Q
805,0,2,Passenger 805,female,19.614561791560277,3,1,492575,160.21,nan,C
806,1,3,Passenger 806,female,13.687241845390545,0,2,490732,56.16,nan,C
807,1,3,Passenger 807,female,17.625733617774273,0,0,684379,182.59,nan,C
808,1,1,Passenger 808,male,31.0940847183297,4,3,573594,27.69,nan,S
809,0,1,Passenger 809,male,43.28640828248231,1,1,254591,98.95,C23,S
810,0,1,Passenger 810,female,33.131844738649804,1,0,510609,178.63,D45,S
811,1,3,Passenger 811,male,23.934966117842603,2,2,305603,131.84,E31,C
812,1,3,Passenger 812,female,34.55904195170703,4,0,980624,88.59,D45,Q
813,0,2,Passenger 813,female,25.40909689781008,4,2,279006,65.63,B20,C
814,1,1,Passenger 814,male,23.053996308368554,1,0,472949,81.27,nan,C
815,1,1,Passenger 815,female,18.456373317670156,4,3,259912,106.7,C23,S
816,0,3,Passenger 816,female,12.48171193248281,1,1,713655,70.62,nan,C
817,0,2,Passenger 817,male,26.100762934405548,4,3,113265,194.1,nan,S
818,0,3,Passenger 818,male,31.580534899201318,0,3,498640,187.28,B20,S
819,0,3,Passenger 819,male,29.033763299851103,1,2,513841,175.43,D45,nan
820,0,2,Passenger 820,male,25.840330720526413,1,2,703910,90.15,nan,S
821,1,2,Passenger 821,female,20.54253939303219,3,2,784547,141.35,nan,S
822,0,1,Passenger 822,male,36.08246191684969,4,3,398073,181.54,nan,Q
823,0,3,Passenger 823,female,16.82868080053415,4,0,424036,171.58,nan,C
824,0,3,Passenger 824,male,37.760279138434754,1,0,775899,88.72,E31,Q
825,0,3,Passenger 825,male,19.97782981073275,0,3,418774,31.35,nan,Q
826,1,3,Passenger 826,female,22.47564762646965,0,3,321711,24.37,nan,S
827,0,1,Passenger 827,female,15.33214809384323,0,1,586626,119.64,nan,S
828,0,3,Passenger 828,male,24.985978531143633,4,2,270457,132.1,nan,C
829,1,3,Passenger 829,male,39.75312458477979,3,2,755313,171.47,nan,C
830,0,2,Passenger 830,male,35.15628088443957,1,3,711868,65.58,E31,C
831,0,3,Passenger 831,male,39.78422112028035,2,3,439606,41.82,nan,S
832,0,3,Passenger 832,female,35.22142545933936,3,0,737684,82.01,nan,S
833,0,3,Passenger 833,male,18.963301714696307,2,3,459181,77.18,nan,S
834,0,3,Passenger 834,male,26.692107756724425,3,0,195310,35.17,nan,C
835,0,3,Passenger 835,male,22.198008708825373,0,3,256080,137.73,D45,C
836,0,3,Passenger 836,female,43.3057490403904,4,1,411072,106.65,nan,S
837,1,1,Passenger 837,female,18.032113535736883,2,1,838456,147.01,C23,S
838,0,2,Passenger 838,male,38.93697689389111,3,0,189876,77.01,nan,Q
839,0,3,Passenger 839,female,38.929538701087694,4,2,649264,71.88,nan,S
840,1,2,Passenger 840,male,48.29620201716087,2,1,869302,99.79,nan,C
841,0,2,Passenger 841,male,25.903134073705026,1,0,487128,176.71,nan,S
842,1,2,Passenger 842,female,37.123221595801624,3,3,782986,17.65,D45,S
843,0,2,Passenger 843,female,52.816518365388426,1,3,460400,162.92,nan,S
844,1,3,Passenger 844,female,23.823583230663033,0,0,462681,80.11,nan,Q
845,0,3,Passenger 845,female,14.649597524676404,1,2,290861,172.38,nan,Q
846,0,2,Passenger 846,male,11.199899660922362,1,0,733619,162.42,nan,S
847,0,1,Passenger 847,female,37.12712028861331,3,0,819005,76.26,E31,S
848,1,1,Passenger 848,male,11.168497919414161,0,1,351666,141.84,nan,Q
849,0,3,Passenger 849,female,26.276809470620773,1,0,369670,40.33,nan,S
850,0,3,Passenger 850,male,34.37313187038961,4,0,728151,180.29,B20,C
851,0,2,Passenger 851,female,31.85175536829914,2,3,299121,86.85,nan,nan
852,1,3,Passenger 852,male,34.25444864184172,1,1,435510,96.57,nan,S
853,0,3,Passenger 853,male,32.22289855800854,0,3,552333,144.09,nan,C
854,1,3,Passenger 854,female,42.788658133133936,1,3,156096,165.96,C23,Q
855,0,3,Passenger 855,male,20.47683619261203,2,2,763270,54.91,C23,C
856,0,2,Passenger 856,female,23.230048615414688,0,2,957617,135.66,nan,C
857,0,3,Passenger 857,male,22.27340554729176,3,1,150248,84.48,nan,C
858,0,2,Passenger 858,male,38.301918118626105,0,1,305728,80.05,B20,S
859,0,3,Passenger 859,male,39.003985883950634,3,2,179888,141.1,nan,S
860,0,3,Passenger 860,male,34.51225319318508,0,2,306354,83.56,nan,Q
861,1,3,Passenger 861,female,41.834936668899275,2,2,340346,75.76,nan,Q
862,0,3,Passenger 862,male,18.21959132623619,2,2,718821,168.82,D45,Q
863,0,1,Passenger 863,female,46.67224111551137,0,2,141954,29.24,nan,C
864,0,3,Passenger 864,female,45.23238621712258,1,3,451863,138.42,nan,C
865,0,3,Passenger 865,male,37.35621997245747,2,1,764164,57.26,nan,S
866,0,3,Passenger 866,female,47.8179890877106,3,3,848065,12.94,nan,S
867,0,1,Passenger 867,female,13.433767923222263,3,3,362739,41.69,D45,Q
868,0,1,Passenger 868,female,24.75551863737348,4,0,391736,125.27,nan,S
869,1,1,Passenger 869,male,22.646965393180476,3,3,664931,144.73,nan,S
870,1,3,Passenger 870,male,37.21479323757343,4,2,354793,14.0,nan,C
871,0,3,Passenger 871,female,19.498592603978544,0,2,424809,16.92,nan,S
872,0,2,Passenger 872,female,37.574951493374854,0,0,368116,181.48,D45,S
873,1,3,Passenger 873,female,43.705361439967135,0,0,378026,23.93,nan,Q
874,0,3,Passenger 874,male,36.95202900083999,1,0,821754,179.89,C23,C
875,0,3,Passenger 875,female,32.83751023661501,1,0,564271,53.35,nan,S
876,0,3,Passenger 876,male,20.12126659099251,4,0,779129,150.6,nan,S
877,1,3,Passenger 877,male,21.53149033874635,3,3,649308,68.85,nan,C
878,1,3,Passenger 878,male,42.49618905296667,3,0,464765,173.16,nan,Q
879,0,2,Passenger 879,female,37.793490039053324,0,3,971806,143.09,nan,C
880,0,3,Passenger 880,male,29.60980480622456,2,1,144912,86.34,C23,S
881,0,3,Passenger 881,male,25.820904542341093,1,0,112879,24.5,nan,Q
882,1,3,Passenger 882,female,9.74192126888623,1,0,658086,149.21,nan,S
883,0,3,Passenger 883,male,19.291475813155614,0,3,732079,127.21,C23,C
884,0,3,Passenger 884,male,49.114190871397234,1,1,583042,10.55,D45,C
885,1,1,Passenger 885,male,17.195444289975335,0,3,801433,11.79,nan,C
886,0,2,Passenger 886,female,31.894798212210805,4,3,437935,163.67,nan,C
887,1,1,Passenger 887,female,40.07443973195198,3,0,953415,59.29,nan,C
888,0,2,Passenger 888,male,17.450773319977074,2,2,587947,130.87,C23,Q
889,0,3,Passenger 889,female,31.847104747810832,3,2,758210,96.3,D45,C
890,0,3,Passenger 890,female,39.37915537510655,3,3,259472,174.05,D45,Q
891,1,1,Passenger 891,male,30.124993219072504,4,0,898385,184.22,C23,C
892,1,2,Passenger 892,female,58.68403055666768,1,1,730698,199.39,nan,Q
893,1,3,Passenger 893,female,13.314007411218046,2,2,749443,39.2,D45,S
894,0,2,Passenger 894,female,40.58728529883879,1,1,254607,173.96,nan,S
895,1,3,Passenger 895,male,28.271982626035356,3,2,830896,60.54,nan,nan
896,0,3,Passenger 896,female,37.719201548366755,0,0,568255,122.26,nan,C
897,0,3,Passenger 897,female,34.41307151699246,3,3,352712,106.1,E31,Q
898,1,1,Passenger 898,male,22.668438028900034,1,1,967461,13.42,D45,Q
899,0,2,Passenger 899,male,32.2899639245934,3,1,104055,187.23,nan,Q
900,0,3,Passenger 900,male,11.420985486017127,0,3,400314,24.88,C23,S
901,0,3,Passenger 901,male,36.032475005713934,4,1,329016,140.76,D45,Q
902,0,1,Passenger 902,female,32.98158465990526,1,2,862945,159.15,nan,Q
903,0,3,Passenger 903,male,36.38660168643102,3,3,986408,161.1,nan,Q
904,0,1,Passenger 904,male,40.581183250871504,1,2,390395,35.74,C23,nan
905,0,3,Passenger 905,female,33.67619840209711,4,2,760284,95.04,nan,S
906,1,2,Passenger 906,male,31.480894197982764,3,0,148037,167.59,nan,C
907,1,3,Passenger 907,female,21.18931663338708,3,2,192115,67.51,C23,C
908,0,2,Passenger 908,male,22.877792363509492,1,0,964358,98.87,E31,S
909,0,2,Passenger 909,male,41.86734620177331,1,1,572032,61.83,nan,nan
910,0,1,Passenger 910,male,44.36335405705979,0,1,582870,98.07,C23,C
911,0,2,Passenger 911,male,27.618895636879458,4,0,170400,178.69,nan,C
912,0,3,Passenger 912,male,30.46002747253274,0,2,723813,96.47,nan,S
913,1,3,Passenger 913,female,20.953856250062337,3,3,463308,115.62,nan,S
914,0,2,Passenger 914,female,41.72756845267445,1,3,323457,86.76,nan,C
915,0,2,Passenger 915,male,36.65416823691778,3,0,848462,97.42,D45,Q
916,0,3,Passenger 916,female,49.412174364637494,3,1,241774,12.88,nan,S
917,0,3,Passenger 917,female,21.21676922820261,2,1,993164,63.91,nan,S
918,1,3,Passenger 918,female,26.219921009817828,2,3,115385,92.95,nan,S
919,1,2,Passenger 919,male,32.314459225255725,3,0,895768,130.42,E31,S
920,0,2,Passenger 920,male,36.464895377257704,1,3,951853,95.51,nan,C
921,1,3,Passenger 921,male,27.843323624523677,3,2,660309,74.19,nan,S
922,0,1,Passenger 922,female,21.270389095462995,2,2,608670,83.74,nan,C
923,1,3,Passenger 923,female,38.81407528923571,1,0,217369,56.04,D45,S
924,1,2,Passenger 924,male,37.211353625455814,3,0,844990,185.65,nan,C
925,0,3,Passenger 925,male,20.83725899436275,4,2,673399,109.13,nan,S
926,0,1,Passenger 926,female,43.55442801105496,4,1,189402,12.55,nan,C
927,0,3,Passenger 927,female,41.70198709196604,3,0,744062,13.69,C23,Q
928,0,2,Passenger 928,female,31.34296497247793,1,2,353724,194.86,nan,C
929,1,3,Passenger 929,female,30.795978623760362,3,2,839945,52.08,nan,S
930,0,1,Passenger 930,male,35.540577711159074,3,1,929151,163.07,nan,S
931,0,3,Passenger 931,female,21.38296929743742,2,1,327600,21.07,nan,S
932,1,3,Passenger 932,female,30.300314791640822,4,1,804397,185.02,C23,Q
933,1,3,Passenger 933,male,8.476164553908198,2,1,573319,176.14,nan,C
934,0,3,Passenger 934,female,38.76455645502936,2,3,749983,118.51,E31,S
935,0,3,Passenger 935,female,14.385067775581406,3,1,234585,11.71,B20,S
936,0,3,Passenger 936,male,45.03419828428999,2,3,870543,58.98,nan,S
937,0,2,Passenger 937,female,26.698799060335496,4,0,768695,87.3,C23,S
938,1,3,Passenger 938,female,27.88333018068823,2,2,799500,97.41,C23,S
939,0,2,Passenger 939,female,23.72266093915494,4,3,204126,66.56,D45,Q
940,0,1,Passenger 940,male,27.119611260779237,2,0,835733,16.26,nan,S
941,0,1,Passenger 941,male,44.18531345148037,4,0,701946,122.12,nan,S
942,0,2,Passenger 942,female,5.121913434649205,2,3,265912,109.59,nan,S
943,1,3,Passenger 943,male,42.769653860881874,2,0,917439,63.77,D45,S
944,1,3,Passenger 944,female,33.38023481101708,1,0,731121,17.22,nan,C
945,0,3,Passenger 945,female,17.929783521427844,4,3,218637,198.97,nan,C
946,0,3,Passenger 946,male,19.24687606950762,4,0,717508,101.58,nan,C
947,0,2,Passenger 947,female,46.763930272082035,4,1,126393,153.64,nan,C
948,1,1,Passenger 948,female,20.544931200572687,0,1,681768,95.94,nan,S
949,1,2,Passenger 949,male,18.466494894040405,2,2,974722,18.2,nan,S
950,0,2,Passenger 950,female,41.373145423647294,4,0,579551,68.82,nan,C
951,1,1,Passenger 951,female,33.385528762859146,0,2,990695,70.82,E31,Q
952,1,2,Passenger 952,female,20.620744234636014,1,1,764467,169.29,nan,S
953,0,3,Passenger 953,female,32.16624975404619,4,1,621397,134.3,C23,S
954,1,3,Passenger 954,male,19.742473163597225,4,1,892425,62.33,nan,Q
955,0,3,Passenger 955,female,41.00821398422605,0,0,193650,193.87,nan,S
956,0,3,Passenger 956,female,40.61370964873134,2,0,858685,71.09,D45,Q
957,0,3,Passenger 957,female,35.32006198821943,1,1,618196,199.66,C23,C
958,0,2,Passenger 958,female,33.61661061247017,4,2,152066,199.27,nan,C
959,0,3,Passenger 959,male,47.61188124867374,2,2,473994,46.33,B20,C
960,1,3,Passenger 960,female,29.99686327388225,1,3,929374,69.42,E31,C
961,0,1,Passenger 961,male,18.181258745791986,3,1,116138,102.35,B20,S
962,1,2,Passenger 962,male,34.49473912832307,3,2,218558,136.18,nan,S
963,0,3,Passenger 963,male,50.86047049537114,1,1,358480,110.33,nan,Q
964,0,2,Passenger 964,female,19.85240506814148,0,2,537743,194.19,nan,Q
965,0,3,Passenger 965,female,26.385372333060143,1,3,371334,147.56,nan,C
966,0,3,Passenger 966,female,34.16446038101453,1,3,978691,50.29,nan,S
967,1,1,Passenger 967,female,29.460951509942607,0,1,178422,29.97,C23,S
968,0,2,Passenger 968,female,20.176964196226855,0,2,811058,140.8,nan,C
969,0,2,Passenger 969,female,41.21857856230471,2,0,706603,40.11,nan,C
970,0,1,Passenger 970,male,53.20040722017259,2,3,129086,159.66,nan,S
971,1,1,Passenger 971,male,31.961314590239073,0,1,225604,69.1,C23,Q
972,1,3,Passenger 972,male,20.959317102639996,3,1,987246,72.11,nan,Q
973,1,2,Passenger 973,female,14.510394749465249,3,2,219324,12.05,D45,S
974,0,3,Passenger 974,female,32.57975981221181,1,1,576785,143.19,nan,Q
975,0,2,Passenger 975,male,41.038773433162575,4,3,840970,31.52,C23,C
976,0,3,Passenger 976,male,34.751677464953815,1,1,491065,156.85,B20,C
977,0,2,Passenger 977,female,29.975961590811462,1,1,103435,103.45,nan,Q
978,0,2,Passenger 978,male,24.107283482106936,4,0,987937,159.01,B20,S
979,0,3,Passenger 979,female,19.0783636728191,0,0,939763,120.95,nan,nan
980,0,3,Passenger 980,female,38.34751326324882,3,3,260014,25.66,nan,S
981,0,1,Passenger 981,male,39.13771621385585,1,2,814995,155.47,nan,S
982,1,3,Passenger 982,male,14.542702133092668,4,0,522275,23.26,nan,Q
983,0,2,Passenger 983,female,45.89838978180684,2,2,812917,100.95,D45,S
984,0,2,Passenger 984,female,35.74071220894001,1,3,475601,42.75,nan,S
985,1,1,Passenger 985,female,43.99594645145793,3,0,938821,152.94,nan,C
986,0,1,Passenger 986,female,16.578722515148847,0,2,939446,183.2,nan,Q
987,1,3,Passenger 987,male,16.341758445845613,1,0,526042,115.28,nan,S
988,0,2,Passenger 988,female,28.51030690232703,1,3,392441,110.16,nan,S
989,0,2,Passenger 989,female,35.02784426895194,4,3,668178,155.15,C23,C
990,1,3,Passenger 990,female,47.96360822926964,2,0,383466,10.96,nan,Q
991,1,3,Passenger 991,male,37.060789138151314,2,2,660027,184.37,nan,S
992,1,1,Passenger 992,female,27.573187231879665,0,1,502935,47.52,nan,Q
993,0,3,Passenger 993,female,19.73630792334108,3,1,703841,196.98,nan,S
994,0,1,Passenger 994,male,42.300005727191504,0,0,108314,149.89,nan,C
995,0,3,Passenger 995,male,20.35294574249285,1,2,718119,157.11,D45,S
996,0,3,Passenger 996,female,46.284685547723214,1,1,961596,134.68,nan,Q
997,1,3,Passenger 997,male,27.156153503934906,2,3,469802,99.62,nan,Q
998,0,1,Passenger 998,male,45.905820726178504,3,2,963460,118.61,nan,C
999,1,1,Passenger 999,male,36.78931290059278,4,1,922545,18.82,nan,C
1000,0,2,Passenger 1000,female,28.630045105575416,3,2,741462,128.55,C23,S
